image_name,normal,spaghetti_and_stringing,warp
-.jpg,0,1,0
148269246_3650105938422073_232258935701890484_n_cropped.jpg,0,1,0
148269246_3650105938422073_232258935701890484_n_cropped.jpg,0,1,0
148269246_3650105938422073_232258935701890484_n_cropped.jpg,0,1,0
148269246_3650105938422073_232258935701890484_n_cropped.jpg,0,1,0
148269246_3650105938422073_232258935701890484_n_cropped.jpg,0,1,0
148269246_3650105938422073_232258935701890484_n_cropped.jpg,0,1,0
1eck6nhkygo71.jpg,0,1,0
1eck6nhkygo71.jpg,0,1,0
1eck6nhkygo71.jpg,0,1,0
1eck6nhkygo71.jpg,0,1,0
20180528_212845.jpg,0,1,0
20180528_212845.jpg,0,1,0
20180528_212845.jpg,0,1,0
23d6g75sz2a91_cropped.jpg,0,1,0
23d6g75sz2a91_cropped.jpg,0,1,0
23d6g75sz2a91_cropped.jpg,0,1,0
25246-133743-20190315-072731.jpg,0,1,0
25246-133743-20190315-072731.jpg,0,1,0
25246-133743-20190315-072731.jpg,0,1,0
270651994_645223106909789_3171208213911292293_n.jpg,0,1,0
270651994_645223106909789_3171208213911292293_n.jpg,0,1,0
270651994_645223106909789_3171208213911292293_n.jpg,0,1,0
2BB13286-1508-4AD2-806A-C3C0391D4FE2_cropped_cropped.jpg,0,1,0
imag-28-.jpg,0,1,0
imag-29-.jpg,0,1,0
imag-31-.jpg,0,1,0
imag-31-.jpg,0,1,0
imag-33-.jpg,0,1,0
imag-34-.jpg,0,1,0
imag-34-.jpg,0,1,0
imag-35-.jpg,0,1,0
imag-36-.jpg,0,1,0
imag-38-.jpg,0,1,0
imag-38-.jpg,0,1,0
imag-40-.jpg,0,1,0
imag-41-.jpg,0,1,0
imag-42-.jpg,0,1,0
imag-43-.jpg,0,1,0
imag-44-.jpg,0,1,0
imag-44-.jpg,0,1,0
imag-46-.jpg,0,1,0
imag-46-.jpg,0,1,0
imag-47-.jpg,0,1,0
imag-48-.jpg,0,1,0
imag-48-.jpg,0,1,0
imag-48-.jpg,0,1,0
imag-49-.jpg,0,1,0
imag-50-.jpg,0,1,0
imag-51-.jpg,0,1,0
imag-51-.jpg,0,1,0
imag-51-.jpg,0,1,0
imag-52-.jpg,0,1,0
imag-52-.jpg,0,1,0
imag-52-.jpg,0,1,0
imag-53-.jpg,0,1,0
imag-53-.jpg,0,1,0
imag-53-.jpg,0,1,0
imag-54-.jpg,0,1,0
imag-55-.jpg,0,1,0
imag-56-.jpg,0,1,0
imag-56-.jpg,0,1,0
imag-56-.jpg,0,1,0
imag-58-.jpg,0,1,0
imag-58-.jpg,0,1,0
imag-59-.jpg,0,1,0
imag-59-.jpg,0,1,0
imag-59-.jpg,0,1,0
imag-60-.jpg,0,1,0
imag-60-.jpg,0,1,0
imag-60-.jpg,0,1,0
imag-61-.jpg,0,1,0
imag-62-.jpg,0,1,0
imag-62-.jpg,0,1,0
imag-62-.jpg,0,1,0
imag-63-.jpg,0,1,0
imag-64-.jpg,0,1,0
imag-64-.jpg,0,1,0
imag-65-.jpg,0,1,0
imag-65-.jpg,0,1,0
imag-67-.jpg,0,1,0
imag-67-.jpg,0,1,0
imag-69-.jpg,0,1,0
imag-69-.jpg,0,1,0
imag-69-.jpg,0,1,0
imag-70-.jpg,0,1,0
imag-71-.jpg,0,1,0
imag-72-.jpg,0,1,0
imag-72-.jpg,0,1,0
imag-74-.jpg,0,1,0
imag-78-.jpg,0,1,0
imag-78-.jpg,0,1,0
imag-78-.jpg,0,1,0
imag-78-.jpg,0,1,0
imag-79-.jpg,0,1,0
imag-79-.jpg,0,1,0
imag-79-.jpg,0,1,0
imag-80-.jpg,0,1,0
imag-80-.jpg,0,1,0
imag-81-.jpg,0,1,0
imag-82-.jpg,0,1,0
imag-83-.jpg,0,1,0
imag-85-.jpg,0,1,0
imag-89-.jpg,0,1,0
imag-89-.jpg,0,1,0
imag-89-.jpg,0,1,0
imag-9-.jpg,0,1,0
imag-90-.jpg,0,1,0
imag-90-.jpg,0,1,0
imag-91-.jpg,0,1,0
imag-91-.jpg,0,1,0
imag-92-.jpg,0,1,0
imag-92-.jpg,0,1,0
imag-92-.jpg,0,1,0
imag-93-.jpg,0,1,0
imag-94-.jpg,0,1,0
imag-94-.jpg,0,1,0
imag-95-.jpg,0,1,0
imag-95-.jpg,0,1,0
imag-97-.jpg,0,1,0
imag-97-.jpg,0,1,0
imag-97-.jpg,0,1,0
imag-98-.jpg,0,1,0
imag-98-.jpg,0,1,0
imag-99-.jpg,0,1,0
image-asset_img_5eb08bcaea8e1.jpg,0,1,0
Image_20231228112532914.jpg,0,0,1
Image_20231228112532914_original.jpg,0,0,1
Image_20231228115202886.jpg,0,0,1
Image_20231228115232890.jpg,0,0,1
Image_20231228115302905.jpg,0,0,1
Image_20231228115332911.jpg,0,0,1
Image_20231228115402857.jpg,0,0,1
Image_20231228115532885.jpg,0,0,1
Image_20231228143427453.jpg,0,0,1
Image_20231228143457455.jpg,0,0,1
Image_20231228143527471_original.jpg,0,0,1
Image_20231228143557480.jpg,0,0,1
Image_20231228143627477.jpg,0,0,1
Image_20231228143757450.jpg,0,0,1
Image_20231228143827459.jpg,0,0,1
Image_20231228143857457.jpg,0,0,1
Image_20231228143927490.jpg,0,0,1
Image_20231228144027476.jpg,0,0,1
Image_20231228144057492.jpg,0,0,1
Image_20231228144127450.jpg,0,0,1
Image_20231228144157453.jpg,0,0,1
Image_20231228144227460.jpg,0,0,1
Image_20231228144257469.jpg,0,0,1
Image_20231228144327477.jpg,0,0,1
Image_20231228144357482.jpg,0,0,1
Image_20231228144457499.jpg,0,0,1
Image_20231228144557455.jpg,0,0,1
Image_20231228144627462.jpg,0,0,1
Image_20231228144657462.jpg,0,0,1
Image_20231228144727466.jpg,0,0,1
Image_20231228144757475.jpg,0,0,1
Image_20231228144827478.jpg,0,0,1
Image_20231228144857492_aug.jpg,0,0,1
Image_20231228144857492.jpg,0,0,1
Image_20231228144957452.jpg,0,0,1
Image_20231228145027458.jpg,0,0,1
Image_20231228145057469.jpg,0,0,1
Image_20231228145157476.jpg,0,0,1
Image_20231228145257493.jpg,0,0,1
Image_20231228145327504.jpg,0,0,1
Image_20231228145427485.jpg,0,0,1
Image_20231228145457469.jpg,0,0,1
Image_20231228145527471_aug.jpg,0,0,1
Image_20231228145527471_original.jpg,0,0,1
Image_20231228145557476.jpg,0,0,1
Image_20231228145627488.jpg,0,0,1
Image_20231228145757511.jpg,0,0,1
Image_20231228145827464.jpg,0,0,1
Image_20231228145857460.jpg,0,0,1
Image_20231228145957483.jpg,0,0,1
Image_20231228150027485.jpg,0,0,1
Image_20231228150127507.jpg,0,0,1
Image_20231228150157510.jpg,0,0,1
Image_20231228150257470.jpg,0,0,1
Image_20231228150327470.jpg,0,0,1
Image_20231228150357474.jpg,0,0,1
Image_20231228150427493.jpg,0,0,1
Image_20231228150527453_aug.jpg,0,0,1
Image_20231228150527453.jpg,0,0,1
Image_20231228150527453_original.jpg,0,0,1
Image_20231228150557453.jpg,0,0,1
Image_20231228150627462.jpg,0,0,1
Image_20231228150657468.jpg,0,0,1
Image_20231228154127450.jpg,0,0,1
Image_20231228154157459.jpg,0,0,1
Image_20231228154257470.jpg,0,0,1
Image_20231228154357486.jpg,0,0,1
Image_20231228154427493.jpg,0,0,1
Image_20231228154527454.jpg,0,0,1
Image_20231228154627461.jpg,0,0,1
Image_20231228154657473.jpg,0,0,1
Image_20231228154727469.jpg,0,0,1
Image_20231228154727469_original.jpg,0,0,1
Image_20231228154757486.jpg,0,0,1
Image_20231228154827493.jpg,0,0,1
Image_20231228154927509.jpg,0,0,1
Image_20231228154957452.jpg,0,0,1
Image_20231228155027470.jpg,0,0,1
Image_20231228155127480.jpg,0,0,1
Image_20231228155257496.jpg,0,0,1
Image_20231228155327451.jpg,0,0,1
Image_20231228155357459_aug.jpg,0,0,1
Image_20231228155357459_original.jpg,0,0,1
Image_20231228155427462.jpg,0,0,1
Image_20231228155657493.jpg,0,0,1
Image_20231228155727507.jpg,0,0,1
Image_20231228155757454.jpg,0,0,1
Image_20231228155827459.jpg,0,0,1
Image_20231228155857471.jpg,0,0,1
Image_20231228155927476.jpg,0,0,1
Image_20231228155957492.jpg,0,0,1
Image_20231228160027490.jpg,0,0,1
Image_20231228160057450.jpg,0,0,1
Image_20231228160127455.jpg,0,0,1
Image_20231228160227471.jpg,0,0,1
Image_20231228160427494.jpg,0,0,1
Image_20231228160457494.jpg,0,0,1
Image_20231228160527452.jpg,0,0,1
Image_20231228160557467.jpg,0,0,1
Image_20231228160627460.jpg,0,0,1
Image_20231228160757487_aug.jpg,0,0,1
Image_20231228160757487_original.jpg,0,0,1
Image_20231228160827488.jpg,0,0,1
Image_20231228160857495.jpg,0,0,1
Image_20231228160957465.jpg,0,0,1
Image_20231228161027474.jpg,0,0,1
Image_20231228161057478.jpg,0,0,1
Image_20231228161127491.jpg,0,0,1
Image_20231228161157487.jpg,0,0,1
Image_20231228161227490.jpg,0,0,1
Image_20231228161257455.jpg,0,0,1
Image_20231228161327450.jpg,0,0,1
Image_20231228161357461.jpg,0,0,1
Image_20231228161427467.jpg,0,0,1
Image_20231228161457470.jpg,0,0,1
Image_20231228161527486.jpg,0,0,1
Image_20231228161657452_aug.jpg,0,0,1
Image_20231228161657452.jpg,0,0,1
Image_20231228161657452_original.jpg,0,0,1
Image_20231228161727456.jpg,0,0,1
Image_20231228161757469.jpg,0,0,1
Image_20231228161827473.jpg,0,0,1
Image_20231228204349949.jpg,0,1,0
Image_20231228204419949.jpg,0,1,0
Image_20231228204449954.jpg,0,1,0
Image_20231228204849964.jpg,0,1,0
Image_20231228204919960.jpg,0,1,0
Image_20231228205049981.jpg,0,1,0
Image_20231228205219953.jpg,0,1,0
Image_20231228205249959.jpg,0,1,0
Image_20231228205449989.jpg,0,1,0
Image_20240102142950103.jpg,0,0,1
Image_20240102143020124.jpg,0,0,1
Image_20240102143050125.jpg,0,0,1
Image_20240102143150140.jpg,0,0,1
Image_20240102143220142.jpg,0,0,1
Image_20240102143420112.jpg,0,0,1
Image_20240102143450116.jpg,0,0,1
Image_20240102143520121.jpg,0,0,1
Image_20240102143550132.jpg,0,0,1
Image_20240102143620087.jpg,0,0,1
Image_20240102143650089_aug.jpg,0,0,1
Image_20240102143720096.jpg,0,0,1
Image_20240102143750108.jpg,0,0,1
Image_20240102143820106.jpg,0,0,1
Image_20240102143850121.jpg,0,0,1
Image_20240102143920123.jpg,0,0,1
Image_20240102143950133.jpg,0,0,1
Image_20240102150850090_aug.jpg,0,0,1
Image_20240102150850090.jpg,0,0,1
Image_20240102150950097.jpg,0,0,1
Image_20240102151020107.jpg,0,0,1
Image_20240102151050120.jpg,0,0,1
Image_20240102151120119.jpg,0,0,1
Image_20240102151150126.jpg,0,0,1
Image_20240102151220130.jpg,0,0,1
Image_20240102151250143.jpg,0,0,1
Image_20240102151350096_aug.jpg,0,0,1
Image_20240102151350096.jpg,0,0,1
Image_20240102151350096_original.jpg,0,0,1
Image_20240102151450119.jpg,0,0,1
Image_20240102151520114.jpg,0,0,1
Image_20240102151650144.jpg,0,0,1
Image_20240102151720088.jpg,0,0,1
Image_20240102151750101.jpg,0,0,1
Image_20240102151820107.jpg,0,0,1
Image_20240102151850108_aug.jpg,0,0,1
Image_20240102151850108.jpg,0,0,1
Image_20240102151850108_original.jpg,0,0,1
Image_20240102151950123.jpg,0,0,1
Image_20240102152020133.jpg,0,0,1
Image_20240102152350129.jpg,0,0,1
Image_20240102152350129_original.jpg,0,0,1
Image_20240102152450144.jpg,0,0,1
Image_20240102152520091.jpg,0,0,1
Image_20240102152550104.jpg,0,0,1
Image_20240102152620097.jpg,0,0,1
Image_20240102152650112.jpg,0,0,1
Image_20240102152850087.jpg,0,0,1
Image_20240102152850087_original.jpg,0,0,1
Image_20240102152950096.jpg,0,0,1
Image_20240102153020105.jpg,0,0,1
Image_20240102153050108.jpg,0,0,1
Image_20240102153120110.jpg,0,0,1
Image_20240102153150124.jpg,0,0,1
Image_20240102153220123.jpg,0,0,1
Image_20240102153250140.jpg,0,0,1
Image_20240102155550123.jpg,0,0,1
Image_20240102155650132_aug.jpg,0,0,1
Image_20240102155650132.jpg,0,0,1
Image_20240102155750086.jpg,0,0,1
Image_20240102155950112.jpg,0,0,1
Image_20240102160120092.jpg,0,0,1
Image_20240102160150091.jpg,0,0,1
Image_20240102160250099.jpg,0,0,1
Image_20240102160320106.jpg,0,0,1
Image_20240102160350123.jpg,0,0,1
Image_20240102160420121.jpg,0,0,1
Image_20240102160420121_original.jpg,0,0,1
Image_20240102160520087.jpg,0,0,1
Image_20240102160620099.jpg,0,0,1
Image_20240102160650098.jpg,0,0,1
Image_20240102160720112.jpg,0,0,1
Image_20240102160820130.jpg,0,0,1
Image_20240102160850129.jpg,0,0,1
Image_20240102160920131.jpg,0,0,1
Image_20240102161050105.jpg,0,0,1
Image_20240102161120108.jpg,0,0,1
Image_20240102161220129.jpg,0,0,1
Image_20240102161320087_aug.jpg,0,0,1
Image_20240102161320087.jpg,0,0,1
Image_20240102161350096.jpg,0,0,1
Image_20240102161420098.jpg,0,0,1
Image_20240102161450096.jpg,0,0,1
Image_20240102161520106.jpg,0,0,1
Image_20240102161550122.jpg,0,0,1
Image_20240102161650132.jpg,0,0,1
Image_20240102161720133.jpg,0,0,1
Image_20240102161820098.jpg,0,0,1
Image_20240102161920112.jpg,0,0,1
Image_20240102161950112.jpg,0,0,1
Image_20240102162020122.jpg,0,0,1
Image_20240102162150089.jpg,0,0,1
Image_20240102162320109.jpg,0,0,1
Image_20240102162450127.jpg,0,0,1
Image_20240102162520129_aug.jpg,0,0,1
Image_20240102162520129_original.jpg,0,0,1
Image_20240102162720110.jpg,0,0,1
Image_20240102170950136.jpg,0,0,1
Image_20240102171050092.jpg,0,0,1
Image_20240102171120098.jpg,0,0,1
Image_20240102171250126.jpg,0,0,1
Image_20240102171350137_aug.jpg,0,0,1
Image_20240102171350137.jpg,0,0,1
Image_20240102171450094.jpg,0,0,1
Image_20240102171520093.jpg,0,0,1
Image_20240102181750123.jpg,0,0,1
Image_20240102181820127.jpg,0,0,1
Image_20240102181920145.jpg,0,0,1
Image_20240102182020103_aug.jpg,0,0,1
Image_20240102182150116.jpg,0,0,1
Image_20240102182220130.jpg,0,0,1
Image_20240102182250125.jpg,0,0,1
Image_20240102182320143.jpg,0,0,1
Image_20240102182420103.jpg,0,0,1
Image_20240102182520118.jpg,0,0,1
Image_20240102182550122.jpg,0,0,1
Image_20240102182620132_aug.jpg,0,0,1
Image_20240102182620132.jpg,0,0,1
Image_20240102182650139.jpg,0,0,1
Image_20240102182750095.jpg,0,0,1
Image_20240102182820093.jpg,0,0,1
Image_20240102182850110.jpg,0,0,1
Image_20240102182920103.jpg,0,0,1
Image_20240102182950126.jpg,0,0,1
Image_20240102183020126.jpg,0,0,1
Image_20240102183050125.jpg,0,0,1
Image_20240102183120140.jpg,0,0,1
Image_20240102183220104.jpg,0,0,1
Image_20240102183250105.jpg,0,0,1
Image_20240102183320115.jpg,0,0,1
Image_20240102183420125.jpg,0,0,1
Image_20240102183450137.jpg,0,0,1
Image_20240102183520133.jpg,0,0,1
Image_20240102183550088.jpg,0,0,1
Image_20240103113109635_aug.jpg,0,0,1
Image_20240103113109635.jpg,0,0,1
Image_20240103113109635_original.jpg,0,0,1
Image_20240103113839624.jpg,0,0,1
Image_20240103113909637.jpg,0,0,1
Image_20240103114009655.jpg,0,0,1
Image_20240103114039650.jpg,0,0,1
Image_20240103114139644.jpg,0,0,1
Image_20240103114339643.jpg,0,0,1
Image_20240103114409655.jpg,0,0,1
Image_20240103114439643.jpg,0,0,1
Image_20240103114539663.jpg,0,0,1
Image_20240103114739644.jpg,0,0,1
Image_20240103114839655_original.jpg,0,0,1
Image_20240103115009626.jpg,0,0,1
Image_20240103121446622.jpg,0,1,0
Image_20240103121516631.jpg,0,1,0
Image_20240103121546639.jpg,0,1,0
Image_20240103121616639.jpg,0,1,0
Image_20240103121646647.jpg,0,1,0
Image_20240103121716660.jpg,0,1,0
Image_20240103121746666.jpg,0,1,0
Image_20240103121816677.jpg,0,1,0
Image_20240103121846622.jpg,0,1,0
Image_20240103121916633.jpg,0,1,0
Image_20240103121946641_aug.jpg,0,1,0
Image_20240103121946641.jpg,0,1,0
Image_20240103122016634.jpg,0,1,0
Image_20240103122046655.jpg,0,1,0
Image_20240103122116663.jpg,0,1,0
Image_20240103122146662.jpg,0,1,0
Image_20240103122216673.jpg,0,1,0
Image_20240103122246683.jpg,0,1,0
Image_20240103122346629.jpg,0,1,0
Image_20240103122416638.jpg,0,1,0
Image_20240103122446644_aug.jpg,0,1,0
Image_20240103122446644.jpg,0,1,0
Image_20240103122446644_original.jpg,0,1,0
Image_20240103122516649.jpg,0,1,0
Image_20240103122546661.jpg,0,1,0
Image_20240103122646627.jpg,0,1,0
Image_20240103122716631.jpg,0,1,0
Image_20240103122746642.jpg,0,1,0
Image_20240103122816650.jpg,0,1,0
Image_20240103122846646.jpg,0,1,0
Image_20240103122916660.jpg,0,1,0
Image_20240103122946660_aug.jpg,0,1,0
Image_20240103122946660.jpg,0,1,0
Image_20240103122946660_original.jpg,0,1,0
Image_20240103123016676.jpg,0,1,0
Image_20240103123046667.jpg,0,1,0
Image_20240103123216641.jpg,0,1,0
Image_20240103123316659.jpg,0,1,0
Image_20240103123346657.jpg,0,1,0
Image_20240103123446678_aug.jpg,0,1,0
Image_20240103123546638.jpg,0,1,0
Image_20240103123616640.jpg,0,1,0
Image_20240103123716661.jpg,0,1,0
Image_20240103123746665.jpg,0,1,0
Image_20240103123816665.jpg,0,1,0
Image_20240103133946623.jpg,0,1,0
Image_20240103134046641.jpg,0,1,0
Image_20240103134146654.jpg,0,1,0
Image_20240103134516643.jpg,0,1,0
Image_20240103134546652.jpg,0,1,0
Image_20240103134616664.jpg,0,1,0
Image_20240103134646670.jpg,0,1,0
Image_20240103134716674.jpg,0,1,0
Image_20240103134916647_aug.jpg,0,1,0
Image_20240103134946656.jpg,0,1,0
Image_20240103135046666.jpg,0,1,0
Image_20240103135116665.jpg,0,1,0
Image_20240103135216622.jpg,0,1,0
Image_20240103135346656.jpg,0,1,0
Image_20240103135416648_original.jpg,0,1,0
Image_20240103135446657.jpg,0,1,0
Image_20240103135516666.jpg,0,1,0
Image_20240103135546626.jpg,0,1,0
Image_20240103135616629.jpg,0,1,0
Image_20240103135716648.jpg,0,1,0
Image_20240103135746651.jpg,0,1,0
Image_20240103135816661.jpg,0,1,0
Image_20240103135916664.jpg,0,1,0
Image_20240103135946626.jpg,0,1,0
Image_20240103140016630.jpg,0,1,0
Image_20240103142446640.jpg,0,1,0
Image_20240103142516632.jpg,0,1,0
Image_20240103142546642.jpg,0,1,0
Image_20240103142646657.jpg,0,1,0
Image_20240103142716671.jpg,0,1,0
Image_20240103142746622_aug.jpg,0,1,0
Image_20240103142746622_original.jpg,0,1,0
Image_20240103142916645.jpg,0,1,0
Image_20240103142946648.jpg,0,1,0
Image_20240103143116660.jpg,0,1,0
Image_20240103143246631.jpg,0,1,0
Image_20240103143316640.jpg,0,1,0
Image_20240103143316640_original.jpg,0,1,0
Image_20240103143346655.jpg,0,1,0
Image_20240103143416647.jpg,0,1,0
Image_20240103143446655.jpg,0,1,0
Image_20240103143516675.jpg,0,1,0
Image_20240103143616624.jpg,0,1,0
Image_20240103143646635.jpg,0,1,0
Image_20240103143716641.jpg,0,1,0
Image_20240103143746641.jpg,0,1,0
Image_20240103143816654.jpg,0,1,0
Image_20240103143816654_original.jpg,0,1,0
Image_20240103143846668.jpg,0,1,0
Image_20240103143916661.jpg,0,1,0
Image_20240103143946626.jpg,0,1,0
Image_20240103144016665.jpg,0,1,0
Image_20240103144046642.jpg,0,1,0
Image_20240103144146655.jpg,0,1,0
Image_20240103144216649.jpg,0,1,0
Image_20240103174123177.jpg,0,1,0
Image_20240103174223192.jpg,0,1,0
Image_20240103174353158.jpg,0,1,0
Image_20240103174423191.jpg,0,1,0
Image_20240103174453175.jpg,0,1,0
Image_20240103174523141.jpg,0,1,0
Image_20240103174623156.jpg,0,1,0
Image_20240103174653187.jpg,0,1,0
Image_20240103174753198_aug.jpg,0,1,0
Image_20240103174753198.jpg,0,1,0
Image_20240103174753198_original.jpg,0,1,0
Image_20240103174823172.jpg,0,1,0
Image_20240103174923178.jpg,0,1,0
Image_20240103174953155.jpg,0,1,0
Image_20240103175053157.jpg,0,1,0
Image_20240103175123190.jpg,0,1,0
Image_20240103175153169.jpg,0,1,0
Image_20240103175253171_aug.jpg,0,1,0
Image_20240103175253171.jpg,0,1,0
Image_20240103175253171_original.jpg,0,1,0
Image_20240103175323155.jpg,0,1,0
Image_20240103175423155.jpg,0,1,0
Image_20240103175453140.jpg,0,1,0
Image_20240103175523172.jpg,0,1,0
Image_20240103175553200.jpg,0,1,0
Image_20240103175623171.jpg,0,1,0
Image_20240103175653155.jpg,0,1,0
Image_20240103175723178.jpg,0,1,0
Image_20240117114650007.jpg,0,0,1
Image_20240117114849986.jpg,0,0,1
Image_20240117115220030.jpg,0,0,1
Image_20240117115349999.jpg,0,0,1
Image_20240117115420004.jpg,0,0,1
Image_20240117115620029.jpg,0,0,1
Image_20240117115749999.jpg,0,0,1
Image_20240117115820001.jpg,0,0,1
Image_20240117115850010.jpg,0,0,1
Image_20240117120149992.jpg,0,0,1
Image_20240117120250012.jpg,0,0,1
Image_20240117120350020.jpg,0,0,1
Image_20240117120419973.jpg,0,0,1
Image_20240117122320002.jpg,0,0,1
Image_20240117122420026.jpg,0,0,1
Image_20240117122449973.jpg,0,0,1
Image_20240117122519971.jpg,0,0,1
Image_20240117122649994.jpg,0,0,1
Image_20240117122820010.jpg,0,0,1
Image_20240117122919980.jpg,0,0,1
Image_20240117122949984.jpg,0,0,1
Image_20240117123049990.jpg,0,0,1
Image_20240117123120002.jpg,0,0,1
Image_20240117123150006.jpg,0,0,1
Image_20240117132849547.jpg,0,0,1
Image_20240117132919500.jpg,0,0,1
Image_20240117133049516.jpg,0,0,1
Image_20240117133119530.jpg,0,0,1
Image_20240117133219541.jpg,0,0,1
Image_20240117133419503.jpg,0,0,1
Image_20240117133449510.jpg,0,0,1
Image_20240117133519517.jpg,0,0,1
Image_20240117133549526.jpg,0,0,1
Image_20240117142149545.jpg,0,0,1
Image_20240117142219546.jpg,0,0,1
Image_20240117142349515.jpg,0,0,1
Image_20240117142419517.jpg,0,0,1
Image_20240117142449530.jpg,0,0,1
Image_20240117142619544.jpg,0,0,1
Image_20240117142649556.jpg,0,0,1
Image_20240117142719506.jpg,0,0,1
Image_20240117142819513.jpg,0,0,1
Image_20240117142849524.jpg,0,0,1
Image_20240117142919536.jpg,0,0,1
Image_20240117142949540.jpg,0,0,1
Image_20240117143049554.jpg,0,0,1
Image_20240117143119557.jpg,0,0,1
Image_20240117143149517.jpg,0,0,1
Image_20240117143219513.jpg,0,0,1
Image_20240117145019537.jpg,0,0,1
Image_20240117145049548.jpg,0,0,1
Image_20240117145449553.jpg,0,0,1
Image_20240117145519556.jpg,0,0,1
Image_20240117145549498.jpg,0,0,1
Image_20240118112355139.jpg,0,1,0
Image_20240118112425147.jpg,0,1,0
Image_20240118112455156.jpg,0,1,0
Image_20240118112555161.jpg,0,1,0
Image_20240118112625174.jpg,0,1,0
Image_20240118112925157.jpg,0,1,0
Image_20240118112955159.jpg,0,1,0
Image_20240118113055180.jpg,0,1,0
Image_20240118113155144.jpg,0,1,0
Image_20240118113355164.jpg,0,1,0
Image_20240118113425161.jpg,0,1,0
Image_20240118113455167.jpg,0,1,0
Image_20240118113525179.jpg,0,1,0
Image_20240118113555183.jpg,0,1,0
Image_20240118113655150.jpg,0,1,0
Image_20240118113755154.jpg,0,1,0
Image_20240118113825158.jpg,0,1,0
Image_20240118113855172.jpg,0,1,0
Image_20240118113925182.jpg,0,1,0
Image_20240118113955188.jpg,0,1,0
Image_20240118114225176.jpg,0,1,0
Image_20240118114255169.jpg,0,1,0
Image_20240118114325170.jpg,0,1,0
Image_20240118114355142.jpg,0,1,0
Image_20240118114425141.jpg,0,1,0
Image_20240118114455145.jpg,0,1,0
Image_20240118114555159.jpg,0,1,0
Image_20240118114655159.jpg,0,1,0
Image_20240118121625171.jpg,0,1,0
Image_20240118121655182.jpg,0,1,0
Image_20240118121725180.jpg,0,1,0
Image_20240118121855146.jpg,0,1,0
Image_20240118121925160.jpg,0,1,0
Image_20240118121955169.jpg,0,1,0
Image_20240118122025171.jpg,0,1,0
Image_20240118122155139.jpg,0,1,0
Image_20240118122225200.jpg,0,1,0
Image_20240118122255155.jpg,0,1,0
Image_20240118122325157.jpg,0,1,0
Image_20240118122355163.jpg,0,1,0
Image_20240118122425174.jpg,0,1,0
Image_20240118122455175.jpg,0,1,0
Image_20240118122525187.jpg,0,1,0
Image_20240118122555194.jpg,0,1,0
Image_20240118122625143.jpg,0,1,0
Image_20240118122655145.jpg,0,1,0
Image_20240118122725150.jpg,0,1,0
Image_20240118122755158.jpg,0,1,0
Image_20240118122825159.jpg,0,1,0
Image_20240118122855180.jpg,0,1,0
Image_20240118122925173.jpg,0,1,0
Image_20240118122955181.jpg,0,1,0
Image_20240118123025140.jpg,0,1,0
Image_20240118123125152.jpg,0,1,0
Image_20240118123155166.jpg,0,1,0
Image_20240118123325173.jpg,0,1,0
Image_20240118123355180.jpg,0,1,0
Image_20240118123455148.jpg,0,1,0
Image_20240118123555148.jpg,0,1,0
Image_20240118123655162.jpg,0,1,0
Image_20240118123725181.jpg,0,1,0
Image_20240118123755188.jpg,0,1,0
Image_20240118123825189.jpg,0,1,0
Image_20240118123855143.jpg,0,1,0
Image_20240118123925142.jpg,0,1,0
Image_20240118124025157.jpg,0,1,0
Image_20240118124055173.jpg,0,1,0
Image_20240118124125166.jpg,0,1,0
Image_20240118124155185.jpg,0,1,0
Image_20240118124325140.jpg,0,1,0
Image_20240118124355150.jpg,0,1,0
Image_20240118124455169.jpg,0,1,0
Image_20240118124555173.jpg,0,1,0
Image_20240118124625185.jpg,0,1,0
Image_20240118124725151.jpg,0,1,0
Image_20240118124755146.jpg,0,1,0
Image_20240118124825162.jpg,0,1,0
Image_20240118124955179.jpg,0,1,0
Image_20240118125025183.jpg,0,1,0
Image_20240118125055186.jpg,0,1,0
Image_20240118125155142.jpg,0,1,0
Image_20240118125225155.jpg,0,1,0
Image_20240118125355170.jpg,0,1,0
Image_20240118125455181.jpg,0,1,0
Image_20240118125555140.jpg,0,1,0
Image_20240118125625154.jpg,0,1,0
Image_20240118125655151.jpg,0,1,0
Image_20240118125725166.jpg,0,1,0
Image_20240118125755172.jpg,0,1,0
Image_20240118125825185.jpg,0,1,0
Image_20240118125925186.jpg,0,1,0
Image_20240118132055154.jpg,0,1,0
Image_20240118132225174.jpg,0,1,0
Image_20240118132325176.jpg,0,1,0
Image_20240118132455148.jpg,0,1,0
Image_20240118132725173.jpg,0,1,0
Image_20240118132925142.jpg,0,1,0
Image_20240118133125176.jpg,0,1,0
Image_20240118133255197.jpg,0,1,0
Image_20240118133555187.jpg,0,1,0
Image_20240118133655143.jpg,0,1,0
Image_20240118133725143.jpg,0,1,0
Image_20240118133755147.jpg,0,1,0
Image_20240118133925174.jpg,0,1,0
Image_20240118133955175.jpg,0,1,0
Image_20240118134155145.jpg,0,1,0
Image_20240118134225154.jpg,0,1,0
Image_20240118134355173.jpg,0,1,0
Image_20240118134455191.jpg,0,1,0
Image_20240118134555145.jpg,0,1,0
Image_20240118134625148.jpg,0,1,0
Image_20240118134655159.jpg,0,1,0
Image_20240118134725165.jpg,0,1,0
Image_20240118134825183.jpg,0,1,0
Image_20240118134855194.jpg,0,1,0
Image_20240118134925197.jpg,0,1,0
Image_20240124200456876.jpg,0,1,0
Image_20240124200556896.jpg,0,1,0
Image_20240124200626896.jpg,0,1,0
Image_20240124200656914.jpg,0,1,0
Image_20240124200726866.jpg,0,1,0
Image_20240124200756869.jpg,0,1,0
Image_20240124200826873.jpg,0,1,0
Image_20240124200856884.jpg,0,1,0
Image_20240124200926881.jpg,0,1,0
Image_20240124200956888.jpg,0,1,0
Image_20240124201056860.jpg,0,1,0
Image_20240124201126867.jpg,0,1,0
Image_20240124201156871.jpg,0,1,0
Image_20240124201256875.jpg,0,1,0
Image_20240124201426897.jpg,0,1,0
Image_20240124201456913.jpg,0,1,0
Image_20240124201526858.jpg,0,1,0
Image_20240124201556864.jpg,0,1,0
Image_20240124201726886.jpg,0,1,0
Image_20240124201756887.jpg,0,1,0
Image_20240124201826894.jpg,0,1,0
Image_20240124201856903.jpg,0,1,0
Image_20240124201926859.jpg,0,1,0
Image_20240124201956867.jpg,0,1,0
Image_20240124202056878.jpg,0,1,0
Image_20240124202126881.jpg,0,1,0
Image_20240124202156894.jpg,0,1,0
Image_20240124202226898.jpg,0,1,0
lhj74xocs4pa1.jpg,0,1,0
lhj74xocs4pa1.jpg,0,1,0
maxresdefault-1-.jpg,0,1,0
mr3rbrb20qna1.jpg,0,1,0
PB110002-1-1024x577.jpg,0,1,0
scratch_0.jpg,1,0,0
scratch_100.jpg,1,0,0
scratch_101.jpg,1,0,0
scratch_108.jpg,1,0,0
scratch_10.jpg,1,0,0
scratch_111.jpg,1,0,0
scratch_116.jpg,1,0,0
scratch_118.jpg,1,0,0
scratch_119.jpg,1,0,0
scratch_11.jpg,1,0,0
scratch_121.jpg,1,0,0
scratch_123.jpg,1,0,0
scratch_125.jpg,1,0,0
scratch_128.jpg,1,0,0
scratch_12.jpg,1,0,0
scratch_130.jpg,1,0,0
scratch_131.jpg,1,0,0
scratch_132.jpg,1,0,0
scratch_134.jpg,1,0,0
scratch_135.jpg,1,0,0
scratch_136.jpg,1,0,0
scratch_138.jpg,1,0,0
scratch_13.jpg,1,0,0
scratch_140.jpg,1,0,0
scratch_141.jpg,1,0,0
scratch_142.jpg,1,0,0
scratch_143.jpg,1,0,0
scratch_144.jpg,1,0,0
scratch_145.jpg,1,0,0
scratch_146.jpg,1,0,0
scratch_147.jpg,1,0,0
scratch_148.jpg,1,0,0
scratch_149.jpg,1,0,0
scratch_14.jpg,1,0,0
scratch_150.jpg,1,0,0
scratch_152.jpg,1,0,0
scratch_158.jpg,1,0,0
scratch_159.jpg,1,0,0
scratch_15.jpg,1,0,0
scratch_160.jpg,1,0,0
scratch_161.jpg,1,0,0
scratch_163.jpg,1,0,0
scratch_164.jpg,1,0,0
scratch_169.jpg,1,0,0
scratch_16.jpg,1,0,0
scratch_170.jpg,1,0,0
scratch_171.jpg,1,0,0
scratch_174.jpg,1,0,0
scratch_175.jpg,1,0,0
scratch_176.jpg,1,0,0
scratch_177.jpg,1,0,0
scratch_178.jpg,1,0,0
scratch_179.jpg,1,0,0
scratch_17.jpg,1,0,0
scratch_180.jpg,1,0,0
scratch_181.jpg,1,0,0
scratch_182.jpg,1,0,0
scratch_184.jpg,1,0,0
scratch_185.jpg,1,0,0
scratch_18.jpg,1,0,0
scratch_19.jpg,1,0,0
scratch_20.jpg,1,0,0
scratch_22.jpg,1,0,0
scratch_24.jpg,1,0,0
scratch_26.jpg,1,0,0
scratch_29.jpg,1,0,0
scratch_2_0.jpg,1,0,0
scratch_2_100.jpg,1,0,0
scratch_2_101.jpg,1,0,0
scratch_2_102.jpg,1,0,0
scratch_2_104.jpg,1,0,0
scratch_2_105.jpg,1,0,0
scratch_2_106.jpg,1,0,0
scratch_2_108.jpg,1,0,0
scratch_2_10.jpg,1,0,0
scratch_2_110.jpg,1,0,0
scratch_2_111.jpg,1,0,0
scratch_2_114.jpg,1,0,0
scratch_2_117.jpg,1,0,0
scratch_2_118.jpg,1,0,0
scratch_2_119.jpg,1,0,0
scratch_2_11.jpg,1,0,0
scratch_2_120.jpg,1,0,0
scratch_2_121.jpg,1,0,0
scratch_2_123.jpg,1,0,0
scratch_2_124.jpg,1,0,0
scratch_2_126.jpg,1,0,0
scratch_2_128.jpg,1,0,0
scratch_2_129.jpg,1,0,0
scratch_2_131.jpg,1,0,0
scratch_2_132.jpg,1,0,0
scratch_2_133.jpg,1,0,0
scratch_2_135.jpg,1,0,0
scratch_2_136.jpg,1,0,0
scratch_2_137.jpg,1,0,0
scratch_2_138.jpg,1,0,0
scratch_2_139.jpg,1,0,0
scratch_2_13.jpg,1,0,0
scratch_2_140.jpg,1,0,0
scratch_2_141.jpg,1,0,0
scratch_2_142.jpg,1,0,0
scratch_2_143.jpg,1,0,0
scratch_2_145.jpg,1,0,0
scratch_2_147.jpg,1,0,0
scratch_2_149.jpg,1,0,0
scratch_2_152.jpg,1,0,0
scratch_2_153.jpg,1,0,0
scratch_2_155.jpg,1,0,0
scratch_2_156.jpg,1,0,0
scratch_2_157.jpg,1,0,0
scratch_2_15.jpg,1,0,0
scratch_2_160.jpg,1,0,0
scratch_2_161.jpg,1,0,0
scratch_2_163.jpg,1,0,0
scratch_2_164.jpg,1,0,0
scratch_2_165.jpg,1,0,0
scratch_2_166.jpg,1,0,0
scratch_2_167.jpg,1,0,0
scratch_2_169.jpg,1,0,0
scratch_2_171.jpg,1,0,0
scratch_2_175.jpg,1,0,0
scratch_2_177.jpg,1,0,0
scratch_2_179.jpg,1,0,0
scratch_2_180.jpg,1,0,0
scratch_2_181.jpg,1,0,0
scratch_2_182.jpg,1,0,0
scratch_2_193.jpg,1,0,0
scratch_2_195.jpg,1,0,0
scratch_2_24.jpg,1,0,0
scratch_2_272.jpg,1,0,0
scratch_2_27.jpg,1,0,0
scratch_2.jpg,1,0,0
scratch_31.jpg,1,0,0
scratch_32.jpg,1,0,0
scratch_33.jpg,1,0,0
scratch_38.jpg,1,0,0
scratch_39.jpg,1,0,0
scratch_3_171.jpg,1,0,0
scratch_3_172.jpg,1,0,0
scratch_3_173.jpg,1,0,0
scratch_3_176.jpg,1,0,0
scratch_3_177.jpg,1,0,0
scratch_3_178.jpg,1,0,0
scratch_3_181.jpg,1,0,0
scratch_3_183.jpg,1,0,0
scratch_3_184.jpg,1,0,0
scratch_3_185.jpg,1,0,0
scratch_3_187.jpg,1,0,0
scratch_3_188.jpg,1,0,0
scratch_3_189.jpg,1,0,0
scratch_3_190.jpg,1,0,0
scratch_3_191.jpg,1,0,0
scratch_3_192.jpg,1,0,0
scratch_3_193.jpg,1,0,0
scratch_3_194.jpg,1,0,0
scratch_3_195.jpg,1,0,0
scratch_3_196.jpg,1,0,0
scratch_3_197.jpg,1,0,0
scratch_3_200.jpg,1,0,0
scratch_3_201.jpg,1,0,0
scratch_3_202.jpg,1,0,0
scratch_3_203.jpg,1,0,0
scratch_3_204.jpg,1,0,0
scratch_40.jpg,1,0,0
scratch_41.jpg,1,0,0
scratch_42.jpg,1,0,0
scratch_43.jpg,1,0,0
scratch_47.jpg,1,0,0
scratch_48.jpg,1,0,0
scratch_49.jpg,1,0,0
scratch_4_100.jpg,1,0,0
scratch_4_101.jpg,1,0,0
scratch_4_103.jpg,1,0,0
scratch_4_104.jpg,1,0,0
scratch_4_105.jpg,1,0,0
scratch_4_106.jpg,1,0,0
scratch_4_108.jpg,1,0,0
scratch_4_109.jpg,1,0,0
scratch_4_10.jpg,1,0,0
scratch_4_110.jpg,1,0,0
scratch_4_111.jpg,1,0,0
scratch_4_114.jpg,1,0,0
scratch_4_115.jpg,1,0,0
scratch_4_117.jpg,1,0,0
scratch_4_118.jpg,1,0,0
scratch_4_11.jpg,1,0,0
scratch_4_120.jpg,1,0,0
scratch_4_121.jpg,1,0,0
scratch_4_12.jpg,1,0,0
scratch_4_14.jpg,1,0,0
scratch_4_15.jpg,1,0,0
scratch_4_18.jpg,1,0,0
scratch_4_1.jpg,1,0,0
scratch_4_21.jpg,1,0,0
scratch_4_23.jpg,1,0,0
scratch_4_25.jpg,1,0,0
scratch_4_26.jpg,1,0,0
scratch_4_27.jpg,1,0,0
scratch_4_2.jpg,1,0,0
scratch_4_30.jpg,1,0,0
scratch_4_31.jpg,1,0,0
scratch_4_33.jpg,1,0,0
scratch_4_35.jpg,1,0,0
scratch_4_36.jpg,1,0,0
scratch_4_37.jpg,1,0,0
scratch_4_38.jpg,1,0,0
scratch_4_3.jpg,1,0,0
scratch_4_40.jpg,1,0,0
scratch_4_42.jpg,1,0,0
scratch_4_43.jpg,1,0,0
scratch_4_44.jpg,1,0,0
scratch_4_45.jpg,1,0,0
scratch_4_46.jpg,1,0,0
scratch_4_47.jpg,1,0,0
scratch_4_48.jpg,1,0,0
scratch_4_49.jpg,1,0,0
scratch_4_4.jpg,1,0,0
scratch_4_50.jpg,1,0,0
scratch_4_52.jpg,1,0,0
scratch_4_53.jpg,1,0,0
scratch_4_55.jpg,1,0,0
scratch_4_57.jpg,1,0,0
scratch_4_59.jpg,1,0,0
scratch_4_5.jpg,1,0,0
scratch_4_60.jpg,1,0,0
scratch_4_61.jpg,1,0,0
scratch_4_62.jpg,1,0,0
scratch_4_63.jpg,1,0,0
scratch_4_66.jpg,1,0,0
scratch_4_68.jpg,1,0,0
scratch_4_6.jpg,1,0,0
scratch_4_71.jpg,1,0,0
scratch_4_75.jpg,1,0,0
scratch_4_77.jpg,1,0,0
scratch_4_78.jpg,1,0,0
scratch_4_79.jpg,1,0,0
scratch_4_7.jpg,1,0,0
scratch_4_81.jpg,1,0,0
scratch_4_82.jpg,1,0,0
scratch_4_84.jpg,1,0,0
scratch_4_87.jpg,1,0,0
scratch_4_88.jpg,1,0,0
scratch_4_8.jpg,1,0,0
scratch_4_91.jpg,1,0,0
scratch_4_92.jpg,1,0,0
scratch_4_93.jpg,1,0,0
scratch_4_94.jpg,1,0,0
scratch_4_95.jpg,1,0,0
scratch_4_97.jpg,1,0,0
scratch_4_98.jpg,1,0,0
scratch_4_99.jpg,1,0,0
scratch_4_9.jpg,1,0,0
scratch_4.jpg,1,0,0
scratch_50.jpg,1,0,0
scratch_51.jpg,1,0,0
scratch_52.jpg,1,0,0
scratch_53.jpg,1,0,0
scratch_57.jpg,1,0,0
scratch_59.jpg,1,0,0
scratch_60.jpg,1,0,0
scratch_62.jpg,1,0,0
scratch_65.jpg,1,0,0
scratch_66.jpg,1,0,0
scratch_6.jpg,1,0,0
scratch_70.jpg,1,0,0
scratch_72.jpg,1,0,0
scratch_73.jpg,1,0,0
scratch_74.jpg,1,0,0
scratch_75.jpg,1,0,0
scratch_78.jpg,1,0,0
scratch_80.jpg,1,0,0
scratch_82.jpg,1,0,0
scratch_84.jpg,1,0,0
scratch_85.jpg,1,0,0
scratch_88.jpg,1,0,0
scratch_8.jpg,1,0,0
scratch_90.jpg,1,0,0
scratch_91.jpg,1,0,0
scratch_92.jpg,1,0,0
scratch_95.jpg,1,0,0
scratch_98.jpg,1,0,0
scratch_99.jpg,1,0,0
WhatsApp-Image-2023-03-21-at-01-41-43-1-_cropped.jpg,0,1,0
WhatsApp-Image-2023-03-21-at-01-41-45-1-_cropped.jpg,0,1,0
WhatsApp-Image-2023-03-21-at-01-41-46_cropped.jpg,0,1,0
